<?xml version="1.0" encoding="UTF-8" standalone="yes"?>
<datensatz xmlns="http://www.basisweb.de/api/landesarchiv/v1">
    <Id>1111111</Id>
    <Jva>666</Jva>
    <JvaName>JVA Helheim</JvaName>
    <ErstaufnahmeId>1111111</ErstaufnahmeId>
    <ErstaufnahmeJva>666</ErstaufnahmeJva>
    <ErstaufnahmeJvaName>JVA Helheim</ErstaufnahmeJvaName>
    <BuchNr>123/45/6</BuchNr>
    <JNummer>567394082468</JNummer>
    <Person>
        <Familienname>Kohlhaas</Familienname>
        <Vorname>Michael</Vorname>
        <Geschlecht>m</Geschlecht>
        <Geburtsdatum>1970-01-01Z</Geburtsdatum>
    </Person>
    <Haft>
        <Erstaufnahme>true</Erstaufnahme>
        <EinweisendeBehoerde>
            <Typ>Staatsanwaltschaft</Typ>
            <Bezeichnung>Helheim</Bezeichnung>
            <Aktenzeichen>...</Aktenzeichen>
        </EinweisendeBehoerde>
        <Vollstreckungsbeginn xmlns:xsi="http://www.w3.org/2001/XMLSchema-instance" xsi:nil="true"/>
        <HaftEintritt>
            <Eintritt>2001-01-21Z</Eintritt>
            <Eintrittsgrund>Zuführung</Eintrittsgrund>
        </HaftEintritt>
        <HaftAustritt>
            <Austritt>2014-03-15Z</Austritt>
            <Austrittsgrund>Verlegung</Austrittsgrund>
        </HaftAustritt>
    </Haft>
    <Vorstrafen/>
    <FolgeJva>667</FolgeJva>
    <FolgeJvaName>JVA Niflheim</FolgeJvaName>
    <FolgeBuchNr>122/46/9</FolgeBuchNr>
    <SonstigeAngaben>
        <Kinderzahl>0</Kinderzahl>
        <Wohnort/>
    </SonstigeAngaben>
</datensatz>
