<?xml version="1.0" encoding="UTF-8" standalone="yes"?>
<rueckgrat xmlns="http://www.basisweb.de/api/landesarchiv/v1">
    <Header>
        <Jva>666</Jva>
        <Version>18.01</Version>
        <Schnittstelle>1.0</Schnittstelle>
        <TransaktionsId>6dd7ab14-988d-11ec-bf00-005056871b7c</TransaktionsId>
    </Header>
    <Elemente>
        <Element>
            <Id>1111111</Id>
            <Jva>666</Jva>
            <BuchNr>123/45/6</BuchNr>
            <Name>Kohlhaas</Name>
            <Vorname>Michael</Vorname>
            <Geburtsdatum>1970-01-01Z</Geburtsdatum>
            <Eintritt>2001-01-21Z</Eintritt>
            <Austritt>2014-03-15Z</Austritt>
            <Link>666-123456-cafe.xml</Link>
        </Element>
        <Element>
            <Id>2222222</Id>
            <Jva>666</Jva>
            <BuchNr>123/45/7</BuchNr>
            <Name>Wolf</Name>
            <Vorname>Christian</Vorname>
            <Geburtsdatum>1984-11-17</Geburtsdatum>
            <Eintritt>2010-09-13Z</Eintritt>
            <Austritt>2014-02-23Z</Austritt>
            <Link>666-123457-4242.xml</Link>
        </Element>
    </Elemente>
</rueckgrat>
