<?xml version="1.0" encoding="UTF-8" standalone="yes"?>
<datensatz xmlns="http://www.basisweb.de/api/landesarchiv/v1">
    <Id>183392273</Id>
    <Jva>666</Jva>
    <JvaName>JVA Helheim</JvaName>
    <ErstaufnahmeId>42220071</ErstaufnahmeId>
    <ErstaufnahmeJva>111</ErstaufnahmeJva>
    <ErstaufnahmeJvaName>JVA Hades</ErstaufnahmeJvaName>
    <BuchNr>999/99/9</BuchNr>
    <JNummer>249931348996</JNummer>
    <Person>
        <Familienname>Sparrow</Familienname>
        <Vorname>Jack</Vorname>
        <Geschlecht>m</Geschlecht>
        <Geburtsdatum>1970-01-01Z</Geburtsdatum>
        <Geburtsland>Haiti</Geburtsland>
        <Geburtsort>Tortuga</Geburtsort>
        <Staatsangehoerigkeit>ohne</Staatsangehoerigkeit>
        <ErlernterBeruf>Kapitän</ErlernterBeruf>
        <Familienstand>ledig</Familienstand>
        <Bekenntnis>ohne</Bekenntnis>
        <AusgeuebterBeruf>Kapitän</AusgeuebterBeruf>
    </Person>
    <Haft>
        <Erstaufnahme>false</Erstaufnahme>
        <EinweisendeBehoerde>
            <Typ>Amtsgericht</Typ>
            <Bezeichnung>Helheim</Bezeichnung>
            <Aktenzeichen>5 Gs 123/12</Aktenzeichen>
        </EinweisendeBehoerde>
        <Vollstreckungsbeginn>2012-10-01Z</Vollstreckungsbeginn>
        <HaftEintritt>
            <Eintritt>2012-10-29Z</Eintritt>
            <Eintrittsgrund>Zuführung</Eintrittsgrund>
        </HaftEintritt>
        <HaftAustritt>
            <Austritt>2012-11-16Z</Austritt>
            <Austrittsgrund>Verlegung</Austrittsgrund>
            <AktuelleHaftartZumZeitpunktAustritts>JS</AktuelleHaftartZumZeitpunktAustritts>
        </HaftAustritt>
    </Haft>
    <Vorstrafen>
        <AnzahlFreiheitsstrafenOhneBewaehrung>1</AnzahlFreiheitsstrafenOhneBewaehrung>
        <AnzahlFreiheitsstrafenMitBewaehrung>0</AnzahlFreiheitsstrafenMitBewaehrung>
        <AnzahlJugendstrafenOhneBewaehrung>2</AnzahlJugendstrafenOhneBewaehrung>
        <AnzahlJugendstrafenMitBewaehrung>1</AnzahlJugendstrafenMitBewaehrung>
        <AnzahlStrafarreste>0</AnzahlStrafarreste>
        <AnzahlGeldstrafen>0</AnzahlGeldstrafen>
        <AnzahlJugendarreste>2</AnzahlJugendarreste>
        <AnzahlSicherungsverwahrungen>0</AnzahlSicherungsverwahrungen>
        <AnzahlUnterbringungenInPsychEinrichtung>0</AnzahlUnterbringungenInPsychEinrichtung>
        <AnzahlUnterbringungenInEntziehungsanstalten>0</AnzahlUnterbringungenInEntziehungsanstalten>
    </Vorstrafen>
    <Haftpositionen>
        <Nummer>2//1</Nummer>
        <Einweisungsbehoerde>StA Helheim</Einweisungsbehoerde>
        <Aktenzeichen>738 Js 26/11 V</Aktenzeichen>
        <Tatverdacht>Piraterie in besonders schweren Fällen</Tatverdacht>
        <Entscheidung>
            <Art>Urteil</Art>
            <Tag>2011-02-13Z</Tag>
        </Entscheidung>
        <Strafmass>
            <Text>1 Jahr, 7 Monate</Text>
            <Jahr>1</Jahr>
            <Monat>7</Monat>
            <Woche>0</Woche>
            <Tag>0</Tag>
        </Strafmass>
        <AnzurechendeZeiten>53 Tage</AnzurechendeZeiten>
        <Haftart>Gesamtfreiheitsstrafe</Haftart>
        <HaftbeginnGemEntscheidung>01.10.2012 TB</HaftbeginnGemEntscheidung>
    </Haftpositionen>
    <Haftpositionen>
        <Nummer>1//0</Nummer>
        <Einweisungsbehoerde>AG Helheim</Einweisungsbehoerde>
        <Aktenzeichen>5 Gs 123/12</Aktenzeichen>
        <Tatverdacht>Bedrohung</Tatverdacht>
        <Entscheidung>
            <Art>Haftbefehl</Art>
            <Tag>2012-04-03Z</Tag>
        </Entscheidung>
        <Strafmass>
            <Text xmlns:xsi="http://www.w3.org/2001/XMLSchema-instance" xsi:nil="true"/>
            <Jahr>0</Jahr>
            <Monat>0</Monat>
            <Woche>0</Woche>
            <Tag>0</Tag>
        </Strafmass>
        <AnzurechendeZeiten>0 Tage</AnzurechendeZeiten>
        <Haftart>Untersuchungshaft</Haftart>
        <HaftbeginnGemEntscheidung>13.04.2012 17:50</HaftbeginnGemEntscheidung>
        <HaftendeGemEntscheidung>13.06.2012 TE</HaftendeGemEntscheidung>
    </Haftpositionen>
    <Haftpositionen>
        <Nummer>3//2</Nummer>
        <Einweisungsbehoerde>AG Helheim</Einweisungsbehoerde>
        <Aktenzeichen>7 VRJs 26/12</Aktenzeichen>
        <Tatverdacht>Schwerer Raub</Tatverdacht>
        <Entscheidung>
            <Art>Urteil</Art>
            <Tag>2011-02-10Z</Tag>
        </Entscheidung>
        <Strafmass>
            <Text>6 Monate</Text>
            <Jahr>0</Jahr>
            <Monat>6</Monat>
            <Woche>0</Woche>
            <Tag>0</Tag>
        </Strafmass>
        <AnzurechendeZeiten>0 Tage</AnzurechendeZeiten>
        <Haftart>Jugendstrafe</Haftart>
        <HaftbeginnGemEntscheidung>27.05.2012 TB</HaftbeginnGemEntscheidung>
    </Haftpositionen>
    <Haftpositionen>
        <Nummer>2//3</Nummer>
        <Einweisungsbehoerde>StA Tortuga</Einweisungsbehoerde>
        <Aktenzeichen>766 Js 77/11 V</Aktenzeichen>
        <Tatverdacht>Sonstiger Diebstahl in besonders schweren Fällen</Tatverdacht>
        <Entscheidung>
            <Art>Urteil</Art>
            <Tag>2011-11-23</Tag>
        </Entscheidung>
        <Strafmass>
            <Text>1 Jahr, 3 Monate</Text>
            <Jahr>1</Jahr>
            <Monat>3</Monat>
            <Woche>0</Woche>
            <Tag>0</Tag>
        </Strafmass>
        <Haftart>Gesamtfreiheitsstrafe</Haftart>
        <HaftbeginnGemEntscheidung>22.12.2012 TB</HaftbeginnGemEntscheidung>
    </Haftpositionen>
    <Haftpositionen>
        <Nummer>4//4</Nummer>
        <Einweisungsbehoerde>AG Tortuga</Einweisungsbehoerde>
        <Aktenzeichen>22 Ds 374/12</Aktenzeichen>
        <Tatverdacht>Bedrohung</Tatverdacht>
        <Entscheidung>
            <Art>Urteil</Art>
            <Tag>2012-05-23Z</Tag>
        </Entscheidung>
        <Strafmass>
            <Text>4 Monate</Text>
            <Jahr>0</Jahr>
            <Monat>4</Monat>
            <Woche>0</Woche>
            <Tag>0</Tag>
        </Strafmass>
        <AnzurechendeZeiten>43 Tage</AnzurechendeZeiten>
        <Haftart>Freiheitsstrafe</Haftart>
        <HaftbeginnGemEntscheidung>07.03.2013 TB</HaftbeginnGemEntscheidung>
    </Haftpositionen>
    <FolgeJva>667</FolgeJva>
    <FolgeJvaName>JVA Niflheim</FolgeJvaName>
    <FolgeBuchNr>333/22/8</FolgeBuchNr>
    <SonstigeAngaben>
        <Kinderzahl>0</Kinderzahl>
        <Wohnort>
            <Stadt>Black Pearl</Stadt>
            <PLZ>00000</PLZ>
        </Wohnort>
        <Verteidiger>
            <Kanzlei>RA Aaaa</Kanzlei>
            <Ort>Helheim</Ort>
        </Verteidiger>
        <Verteidiger>
            <Kanzlei>RA'in Eeee</Kanzlei>
            <Ort>Tortuga</Ort>
        </Verteidiger>
        <Hinweise>Spricht verwirrt</Hinweise>
        <Hinweise>Läuft seltsam</Hinweise>
        <Hinweise>Besteht auf seinem nautischen Rang</Hinweise>
        <Vollzugstauglich>true</Vollzugstauglich>
        <EinzelunterbringungErforderlich>true</EinzelunterbringungErforderlich>
        <BedenkenGegenEinzelunterbringung>false</BedenkenGegenEinzelunterbringung>
        <SuizidGefaehrdung>false</SuizidGefaehrdung>
        <Arbeitsfaehig>true</Arbeitsfaehig>
        <BemerkungZuArbeitsfaehig>voll</BemerkungZuArbeitsfaehig>
    </SonstigeAngaben>
</datensatz>
