<?xml version="1.0" encoding="UTF-8" standalone="yes"?>
<datensatz xmlns="http://www.basisweb.de/api/landesarchiv/v1">
    <Id>2222222</Id>
    <Jva>666</Jva>
    <JvaName>JVA Helheim</JvaName>
    <ErstaufnahmeId>2222222</ErstaufnahmeId>
    <ErstaufnahmeJva>666</ErstaufnahmeJva>
    <ErstaufnahmeJvaName>JVA Helheim</ErstaufnahmeJvaName>
    <BuchNr>123/45/7</BuchNr>
    <JNummer>987309671958</JNummer>
    <Person>
        <Familienname>Wolf</Familienname>
        <Vorname>Christian</Vorname>
        <Geschlecht>m</Geschlecht>
        <Geburtsdatum>1984-11-17Z</Geburtsdatum>
    </Person>
    <Haft>
        <Erstaufnahme>false</Erstaufnahme>
        <EinweisendeBehoerde>
            <Typ>Amtsgericht</Typ>
            <Bezeichnung>Helheim</Bezeichnung>
            <Aktenzeichen>...</Aktenzeichen>
        </EinweisendeBehoerde>
        <Vollstreckungsbeginn xmlns:xsi="http://www.w3.org/2001/XMLSchema-instance" xsi:nil="true"/>
        <HaftEintritt>
            <Eintritt>2010-09-13Z</Eintritt>
            <Eintrittsgrund>Zuführung</Eintrittsgrund>
        </HaftEintritt>
        <HaftAustritt>
            <Austritt>2014-02-23Z</Austritt>
            <Austrittsgrund>Rückverlegung in die zuständige JVA</Austrittsgrund>
        </HaftAustritt>
    </Haft>
    <Vorstrafen/>
    <SonstigeAngaben>
        <Kinderzahl>0</Kinderzahl>
        <Wohnort/>
    </SonstigeAngaben>
</datensatz>
